mpn,manufacturer,lifecycle,lifecycle_class,seller,authorized,quantity,unit_price,currency,price_qty,price_break_count,retrieved_at,authorized_stock,authorized_offers,broker_stock,median_price,price_ratio,seller_obsolete_share,flags
DSP56F807VF80E,NXP Semiconductors,Obsolete (Last Updated: 3 weeks ago),OBSOLETE,Worldway Electronics,False,8332,21.3736,USD,7,5,2026-08-31T20:44:33+00:00,252,3,247913,46.7305,0.457,,outstocks_channel|underpriced
DSP56F826BU80E,NXP Semiconductors,Obsolete (Last Updated: 3 weeks ago),OBSOLETE,SHENGYU ELECTRONICS,False,7888,0.9188,USD,1,5,2026-08-31T20:44:35+00:00,3,2,115695,27.391,0.034,,outstocks_channel|underpriced
MC68331CAG16,NXP Semiconductors,Obsolete (Last Updated: 3 weeks ago),OBSOLETE,Worldway Electronics,False,7429,3.8798,USD,7,5,2026-08-31T20:44:37+00:00,8,2,187098,33.1641,0.117,,outstocks_channel|underpriced
DSP56F826BU80E,NXP Semiconductors,Obsolete (Last Updated: 3 weeks ago),OBSOLETE,Worldway Electronics,False,5875,1.4504,USD,7,5,2026-08-31T20:44:35+00:00,3,2,115695,27.391,0.053,,outstocks_channel|underpriced
MC68331CAG20,NXP Semiconductors,Obsolete (Last Updated: 3 weeks ago),OBSOLETE,Worldway Electronics,False,5773,3.4186,USD,7,5,2026-08-31T20:44:38+00:00,74,3,260990,25.0705,0.136,,outstocks_channel|underpriced
DSP56F805FV80E,NXP Semiconductors,Obsolete (Last Updated: 3 weeks ago),OBSOLETE,Worldway Electronics,False,5744,16.5174,USD,7,5,2026-08-31T20:44:31+00:00,0,1,169418,35.2235,0.469,,phantom_stock|underpriced
MC68331CAG16,NXP Semiconductors,Obsolete (Last Updated: 3 weeks ago),OBSOLETE,IC Components Ltd.,False,3516,11.1572,USD,1,1,2026-08-31T20:44:37+00:00,8,2,187098,33.1641,0.336,,outstocks_channel|underpriced
MC68331CAG20,NXP Semiconductors,Obsolete (Last Updated: 3 weeks ago),OBSOLETE,IC Components Ltd.,False,2200,3.42,USD,1,1,2026-08-31T20:44:38+00:00,74,3,260990,25.0705,0.136,,outstocks_channel|underpriced
MC68331CAG20,NXP Semiconductors,Obsolete (Last Updated: 3 weeks ago),OBSOLETE,YIC International,False,2100,3.4124,USD,1,1,2026-08-31T20:44:38+00:00,74,3,260990,25.0705,0.136,,outstocks_channel|underpriced
MC68331CAG16,NXP Semiconductors,Obsolete (Last Updated: 3 weeks ago),OBSOLETE,YIC International,False,1907,11.1907,USD,1,1,2026-08-31T20:44:37+00:00,8,2,187098,33.1641,0.337,,outstocks_channel|underpriced
MC68331CAG16,NXP Semiconductors,Obsolete (Last Updated: 3 weeks ago),OBSOLETE,Hi-Tech Circuit Group Ltd.,False,1291,0.7,USD,100,3,2026-08-31T20:44:37+00:00,8,2,187098,33.1641,0.021,,outstocks_channel|underpriced
MC68331CAG20,NXP Semiconductors,Obsolete (Last Updated: 3 weeks ago),OBSOLETE,Hi-Tech Circuit Group Ltd.,False,1170,0.7,USD,100,3,2026-08-31T20:44:38+00:00,74,3,260990,25.0705,0.028,,outstocks_channel|underpriced
DSP56F807VF80E,NXP Semiconductors,Obsolete (Last Updated: 3 weeks ago),OBSOLETE,Antdic Electronics,False,48360,23.99821,USD,1,5,2026-08-31T20:44:33+00:00,252,3,247913,46.7305,0.514,,outstocks_channel
DSP56F827FG80E,NXP Semiconductors,Obsolete (Last Updated: 3 weeks ago),OBSOLETE,"Fmall Co., Limited",False,47030,20.2556,USD,1,4,2026-08-31T20:44:36+00:00,1546,4,379548,23.65,0.856,,outstocks_channel
DSP56F807PY80E,NXP Semiconductors,Obsolete (Last Updated: 3 weeks ago),OBSOLETE,Axis Part Limited,False,45234,44.06,USD,1,5,2026-08-31T20:44:32+00:00,2813,4,182053,41.646,1.058,,outstocks_channel
DSP56F827FG80E,NXP Semiconductors,Obsolete (Last Updated: 3 weeks ago),OBSOLETE,Axis Part Limited,False,44860,27.31036,USD,1,1,2026-08-31T20:44:36+00:00,1546,4,379548,23.65,1.155,,outstocks_channel
DSP56F803BU80E,NXP Semiconductors,Obsolete (Last Updated: 3 weeks ago),OBSOLETE,Axis Part Limited,False,44180,27.19178,USD,1,1,2026-08-31T20:44:29+00:00,3841,7,254205,35.2796,0.771,,outstocks_channel
DSP56F827FG80E,NXP Semiconductors,Obsolete (Last Updated: 3 weeks ago),OBSOLETE,Axis Part Limited,False,43643,27.31036,USD,1,1,2026-08-31T20:44:36+00:00,1546,4,379548,23.65,1.155,,outstocks_channel
MC68331CAG20,NXP Semiconductors,Obsolete (Last Updated: 3 weeks ago),OBSOLETE,Antdic Electronics,False,42233,21.5905,USD,1,5,2026-08-31T20:44:38+00:00,74,3,260990,25.0705,0.861,,outstocks_channel
DSP56F803BU80E,NXP Semiconductors,Obsolete (Last Updated: 3 weeks ago),OBSOLETE,"Fmall Co., Limited",False,41710,26.7691,USD,1,4,2026-08-31T20:44:29+00:00,3841,7,254205,35.2796,0.759,,outstocks_channel
DSP56F805FV80E,NXP Semiconductors,Obsolete (Last Updated: 3 weeks ago),OBSOLETE,Axis Part Limited,False,39783,41.02,USD,1,5,2026-08-31T20:44:31+00:00,0,1,169418,35.2235,1.165,,phantom_stock
DSP56F807VF80E,NXP Semiconductors,Obsolete (Last Updated: 3 weeks ago),OBSOLETE,Axis Part Limited,False,38476,47.51,USD,1,1,2026-08-31T20:44:33+00:00,252,3,247913,46.7305,1.017,,outstocks_channel
MC68331CAG16,NXP Semiconductors,Obsolete (Last Updated: 3 weeks ago),OBSOLETE,Axis Part Limited,False,37138,33.42107,USD,1,1,2026-08-31T20:44:37+00:00,8,2,187098,33.1641,1.008,,outstocks_channel
MC68331CAG20,NXP Semiconductors,Obsolete (Last Updated: 3 weeks ago),OBSOLETE,Axis Part Limited,False,36319,35.10583,USD,1,1,2026-08-31T20:44:38+00:00,74,3,260990,25.0705,1.4,,outstocks_channel
DSP56F827FG80E,NXP Semiconductors,Obsolete (Last Updated: 3 weeks ago),OBSOLETE,Chipsmall Limited,False,36000,16.00852,USD,1,5,2026-08-31T20:44:36+00:00,1546,4,379548,23.65,0.677,,outstocks_channel
DSP56F827FG80E,NXP Semiconductors,Obsolete (Last Updated: 3 weeks ago),OBSOLETE,Axis Part Limited,False,35746,27.31036,USD,1,1,2026-08-31T20:44:36+00:00,1546,4,379548,23.65,1.155,,outstocks_channel
DSP56F807VF80E,NXP Semiconductors,Obsolete (Last Updated: 3 weeks ago),OBSOLETE,Axis Part Limited,False,34864,47.51,USD,1,1,2026-08-31T20:44:33+00:00,252,3,247913,46.7305,1.017,,outstocks_channel
MC68331CAG20,NXP Semiconductors,Obsolete (Last Updated: 3 weeks ago),OBSOLETE,ICPartonline,False,34544,21.5905,USD,1,5,2026-08-31T20:44:38+00:00,74,3,260990,25.0705,0.861,,outstocks_channel
DSP56F807VF80E,NXP Semiconductors,Obsolete (Last Updated: 3 weeks ago),OBSOLETE,ICPartonline,False,31432,23.99821,USD,1,5,2026-08-31T20:44:33+00:00,252,3,247913,46.7305,0.514,,outstocks_channel
DSP56F807VF80E,NXP Semiconductors,Obsolete (Last Updated: 3 weeks ago),OBSOLETE,"Fmall Co., Limited",False,30770,37.4306,USD,1,4,2026-08-31T20:44:33+00:00,252,3,247913,46.7305,0.801,,outstocks_channel
MC68331CAG16,NXP Semiconductors,Obsolete (Last Updated: 3 weeks ago),OBSOLETE,"Fmall Co., Limited",False,30530,32.9071,USD,1,4,2026-08-31T20:44:37+00:00,8,2,187098,33.1641,0.992,,outstocks_channel
MC68331CAG20,NXP Semiconductors,Obsolete (Last Updated: 3 weeks ago),OBSOLETE,"Fmall Co., Limited",False,30380,22.5797,USD,1,4,2026-08-31T20:44:38+00:00,74,3,260990,25.0705,0.901,,outstocks_channel
MC68331CAG20,NXP Semiconductors,Obsolete (Last Updated: 3 weeks ago),OBSOLETE,Axis Part Limited,False,29688,35.10583,USD,1,1,2026-08-31T20:44:38+00:00,74,3,260990,25.0705,1.4,,outstocks_channel
MC68331CAG16,NXP Semiconductors,Obsolete (Last Updated: 3 weeks ago),OBSOLETE,Axis Part Limited,False,29611,33.42107,USD,1,1,2026-08-31T20:44:37+00:00,8,2,187098,33.1641,1.008,,outstocks_channel
DSP56F827FG80E,NXP Semiconductors,Obsolete (Last Updated: 3 weeks ago),OBSOLETE,Lingto Electronic Ltd.,False,29570,19.78,USD,1,5,2026-08-31T20:44:36+00:00,1546,4,379548,23.65,0.836,,outstocks_channel
DSP56F803BU80E,NXP Semiconductors,Obsolete (Last Updated: 3 weeks ago),OBSOLETE,Antdic Electronics,False,29259,16.733,USD,1,5,2026-08-31T20:44:29+00:00,3841,7,254205,35.2796,0.474,,underpriced
MC68331CAG16,NXP Semiconductors,Obsolete (Last Updated: 3 weeks ago),OBSOLETE,Antdic Electronics,False,28931,20.561,USD,1,5,2026-08-31T20:44:37+00:00,8,2,187098,33.1641,0.62,,outstocks_channel
MC68331CAG16,NXP Semiconductors,Obsolete (Last Updated: 3 weeks ago),OBSOLETE,ICPartonline,False,25306,20.561,USD,1,5,2026-08-31T20:44:37+00:00,8,2,187098,33.1641,0.62,,outstocks_channel
MC68331CAG20,NXP Semiconductors,Obsolete (Last Updated: 3 weeks ago),OBSOLETE,Lingto Electronic Ltd.,False,23245,27.91,USD,1,5,2026-08-31T20:44:38+00:00,74,3,260990,25.0705,1.113,,outstocks_channel
DSP56F807VF80E,NXP Semiconductors,Obsolete (Last Updated: 3 weeks ago),OBSOLETE,Lingto Electronic Ltd.,False,22550,57.86,USD,1,5,2026-08-31T20:44:33+00:00,252,3,247913,46.7305,1.238,,outstocks_channel
DSP56F805FV80E,NXP Semiconductors,Obsolete (Last Updated: 3 weeks ago),OBSOLETE,"Fmall Co., Limited",False,22350,29.6782,USD,1,4,2026-08-31T20:44:31+00:00,0,1,169418,35.2235,0.843,,phantom_stock
DSP56F805FV80E,NXP Semiconductors,Obsolete (Last Updated: 3 weeks ago),OBSOLETE,Axis Part Limited,False,22135,41.02,USD,1,5,2026-08-31T20:44:31+00:00,0,1,169418,35.2235,1.165,,phantom_stock
DSP56F827FG80E,NXP Semiconductors,Obsolete (Last Updated: 3 weeks ago),OBSOLETE,ZTZ Technology Limited,False,22062,19.358,USD,1,5,2026-08-31T20:44:36+00:00,1546,4,379548,23.65,0.819,,outstocks_channel
DSP56F826BU80E,NXP Semiconductors,Obsolete (Last Updated: 3 weeks ago),OBSOLETE,Lingto Electronic Ltd.,False,20352,31.05,USD,1,5,2026-08-31T20:44:35+00:00,3,2,115695,27.391,1.134,,outstocks_channel
DSP56F827FG80E,NXP Semiconductors,Obsolete (Last Updated: 3 weeks ago),OBSOLETE,Lingto Electronic Ltd.,False,19991,42.40747,USD,1,5,2026-08-31T20:44:36+00:00,1546,4,379548,23.65,1.793,,outstocks_channel
DSP56F827FG80E,NXP Semiconductors,Obsolete (Last Updated: 3 weeks ago),OBSOLETE,Antdic Electronics,False,19706,18.0,USD,1,5,2026-08-31T20:44:36+00:00,1546,4,379548,23.65,0.761,,outstocks_channel
DSP56F827FG80E,NXP Semiconductors,Obsolete (Last Updated: 3 weeks ago),OBSOLETE,ICPartonline,False,19502,19.3575,USD,1,5,2026-08-31T20:44:36+00:00,1546,4,379548,23.65,0.818,,outstocks_channel
DSP56F826BU80E,NXP Semiconductors,Obsolete (Last Updated: 3 weeks ago),OBSOLETE,ICPartonline,False,19300,16.37051,USD,1,5,2026-08-31T20:44:35+00:00,3,2,115695,27.391,0.598,,outstocks_channel
DSP56F827FG80E,NXP Semiconductors,Obsolete (Last Updated: 3 weeks ago),OBSOLETE,Lixinc,False,19212,19.78,USD,1,2,2026-08-31T20:44:36+00:00,1546,4,379548,23.65,0.836,,outstocks_channel
MC68331CAG20,NXP Semiconductors,Obsolete (Last Updated: 3 weeks ago),OBSOLETE,Lixinc,False,17492,40.95573,USD,1,2,2026-08-31T20:44:38+00:00,74,3,260990,25.0705,1.634,,outstocks_channel
DSP56F803BU80E,NXP Semiconductors,Obsolete (Last Updated: 3 weeks ago),OBSOLETE,ICPartonline,False,16821,16.733,USD,1,5,2026-08-31T20:44:29+00:00,3841,7,254205,35.2796,0.474,,underpriced
DSP56F805FV80E,NXP Semiconductors,Obsolete (Last Updated: 3 weeks ago),OBSOLETE,ICPartonline,False,16616,18.5455,USD,1,5,2026-08-31T20:44:31+00:00,0,1,169418,35.2235,0.527,,phantom_stock
DSP56F805FV80E,NXP Semiconductors,Obsolete (Last Updated: 3 weeks ago),OBSOLETE,Lingto Electronic Ltd.,False,16118,42.55,USD,1,5,2026-08-31T20:44:31+00:00,0,1,169418,35.2235,1.208,,phantom_stock
DSP56F826BU80E,NXP Semiconductors,Obsolete (Last Updated: 3 weeks ago),OBSOLETE,Axis Part Limited,False,15075,34.84,USD,1,5,2026-08-31T20:44:35+00:00,3,2,115695,27.391,1.272,,outstocks_channel
DSP56F826BU80E,NXP Semiconductors,Obsolete (Last Updated: 3 weeks ago),OBSOLETE,"Fmall Co., Limited",False,14350,26.2111,USD,1,4,2026-08-31T20:44:35+00:00,3,2,115695,27.391,0.957,,outstocks_channel
MC68331CAG20,NXP Semiconductors,Obsolete (Last Updated: 3 weeks ago),OBSOLETE,Component Stockers USA,False,12551,24.51,USD,1,5,2026-08-31T20:44:38+00:00,74,3,260990,25.0705,0.978,,outstocks_channel
DSP56F805FV80E,NXP Semiconductors,Obsolete (Last Updated: 3 weeks ago),OBSOLETE,Antdic Electronics,False,10805,18.5455,USD,1,5,2026-08-31T20:44:31+00:00,0,1,169418,35.2235,0.527,,phantom_stock
DSP56F826BU80E,NXP Semiconductors,Obsolete (Last Updated: 3 weeks ago),OBSOLETE,Axis Part Limited,False,10767,34.84,USD,1,5,2026-08-31T20:44:35+00:00,3,2,115695,27.391,1.272,,outstocks_channel
DSP56F805FV80E,NXP Semiconductors,Obsolete (Last Updated: 3 weeks ago),OBSOLETE,Lixinc,False,9414,35.17,USD,1,2,2026-08-31T20:44:31+00:00,0,1,169418,35.2235,0.998,,phantom_stock
DSP56F805FV80E,NXP Semiconductors,Obsolete (Last Updated: 3 weeks ago),OBSOLETE,SHENGYU ELECTRONICS,False,9352,41.3471,USD,1,5,2026-08-31T20:44:31+00:00,0,1,169418,35.2235,1.174,,phantom_stock
DSP56F807PY80E,NXP Semiconductors,Obsolete (Last Updated: 3 weeks ago),OBSOLETE,Worldway Electronics,False,9065,17.7364,USD,7,5,2026-08-31T20:44:32+00:00,2813,4,182053,41.646,0.426,,underpriced
DSP56F801FA60E,NXP Semiconductors,Obsolete (Last Updated: 3 weeks ago),OBSOLETE,Worldway Electronics,False,8986,2.0521,USD,7,5,2026-08-31T20:44:27+00:00,20549,11,175207,13.736,0.149,,underpriced
MC68331CAG20,NXP Semiconductors,Obsolete (Last Updated: 3 weeks ago),OBSOLETE,Aztech,False,8599,19.49,USD,1,1,2026-08-31T20:44:38+00:00,74,3,260990,25.0705,0.777,,outstocks_channel
DSP56F826BU80E,NXP Semiconductors,Obsolete (Last Updated: 3 weeks ago),OBSOLETE,Antdic Electronics,False,8393,16.37051,USD,1,5,2026-08-31T20:44:35+00:00,3,2,115695,27.391,0.598,,outstocks_channel
DSP56F803BU80E,NXP Semiconductors,Obsolete (Last Updated: 3 weeks ago),OBSOLETE,Worldway Electronics,False,7702,14.6352,USD,7,5,2026-08-31T20:44:29+00:00,3841,7,254205,35.2796,0.415,,underpriced
DSP56F807VF80E,NXP Semiconductors,Obsolete (Last Updated: 3 weeks ago),OBSOLETE,Lixinc,False,7665,47.82,USD,1,2,2026-08-31T20:44:33+00:00,252,3,247913,46.7305,1.023,,outstocks_channel
DSP56F807VF80E,NXP Semiconductors,Obsolete (Last Updated: 3 weeks ago),OBSOLETE,SHENGYU ELECTRONICS,False,7581,26.531,USD,1,5,2026-08-31T20:44:33+00:00,252,3,247913,46.7305,0.568,,outstocks_channel
MC68331CAG16,NXP Semiconductors,Obsolete (Last Updated: 3 weeks ago),OBSOLETE,Cytech Systems,False,6000,60.432,USD,1,5,2026-08-31T20:44:37+00:00,8,2,187098,33.1641,1.822,,outstocks_channel
MC68331CAG16,NXP Semiconductors,Obsolete (Last Updated: 3 weeks ago),OBSOLETE,Lixinc,False,5461,38.99,USD,1,2,2026-08-31T20:44:37+00:00,8,2,187098,33.1641,1.176,,outstocks_channel
MC68331CAG16,NXP Semiconductors,Obsolete (Last Updated: 3 weeks ago),OBSOLETE,SHENGYU ELECTRONICS,False,5357,30.6274,USD,1,5,2026-08-31T20:44:37+00:00,8,2,187098,33.1641,0.924,,outstocks_channel
DSP56F801FA80E,NXP Semiconductors,Obsolete (Last Updated: 3 weeks ago),OBSOLETE,SHENGYU ELECTRONICS,False,5007,6.8912,USD,1,5,2026-08-31T20:44:28+00:00,11913,10,251970,14.9699,0.46,,underpriced
MC68331CAG20,NXP Semiconductors,Obsolete (Last Updated: 3 weeks ago),OBSOLETE,SHENGYU ELECTRONICS,False,4723,19.9094,USD,1,5,2026-08-31T20:44:38+00:00,74,3,260990,25.0705,0.794,,outstocks_channel
DSP56F807VF80E,NXP Semiconductors,Obsolete (Last Updated: 3 weeks ago),OBSOLETE,ODG (Origin Data Global),False,4410,58.7786,USD,1,5,2026-08-31T20:44:33+00:00,252,3,247913,46.7305,1.258,,outstocks_channel
MC68331CAG20,NXP Semiconductors,Obsolete (Last Updated: 3 weeks ago),OBSOLETE,Ansinor,False,4309,25.63098,USD,1,5,2026-08-31T20:44:38+00:00,74,3,260990,25.0705,1.022,,outstocks_channel
DSP56F801FA80E,NXP Semiconductors,Obsolete (Last Updated: 3 weeks ago),OBSOLETE,Worldway Electronics,False,4246,5.9998,USD,7,5,2026-08-31T20:44:28+00:00,11913,10,251970,14.9699,0.401,,underpriced
DSP56F826BU80E,NXP Semiconductors,Obsolete (Last Updated: 3 weeks ago),OBSOLETE,IC Components Ltd.,False,4038,26.91,USD,1,1,2026-08-31T20:44:35+00:00,3,2,115695,27.391,0.982,,outstocks_channel
DSP56F801FA60E,NXP Semiconductors,Obsolete (Last Updated: 3 weeks ago),OBSOLETE,SHENGYU ELECTRONICS,False,3845,1.2251,USD,1,5,2026-08-31T20:44:27+00:00,20549,11,175207,13.736,0.089,,underpriced
DSP56F805FV80E,NXP Semiconductors,Obsolete (Last Updated: 3 weeks ago),OBSOLETE,Ansinor,False,3247,61.59021,USD,1,5,2026-08-31T20:44:31+00:00,0,1,169418,35.2235,1.749,,phantom_stock
MC68331CAG20,NXP Semiconductors,Obsolete (Last Updated: 3 weeks ago),OBSOLETE,Bettlink,False,2900,28.15251,USD,1,5,2026-08-31T20:44:38+00:00,74,3,260990,25.0705,1.123,,outstocks_channel
DSP56F803BU80E,NXP Semiconductors,Obsolete (Last Updated: 3 weeks ago),OBSOLETE,ZTZ Technology Limited,False,2681,16.733,USD,1,5,2026-08-31T20:44:29+00:00,3841,7,254205,35.2796,0.474,,underpriced
DSP56F805FV80E,NXP Semiconductors,Obsolete (Last Updated: 3 weeks ago),OBSOLETE,ZTZ Technology Limited,False,2681,18.546,USD,1,5,2026-08-31T20:44:31+00:00,0,1,169418,35.2235,0.527,,phantom_stock
DSP56F807VF80E,NXP Semiconductors,Obsolete (Last Updated: 3 weeks ago),OBSOLETE,ZTZ Technology Limited,False,2681,23.998,USD,1,5,2026-08-31T20:44:33+00:00,252,3,247913,46.7305,0.514,,outstocks_channel
DSP56F807PY80E,NXP Semiconductors,Obsolete (Last Updated: 3 weeks ago),OBSOLETE,IC Components Ltd.,False,2605,13.732,USD,1,1,2026-08-31T20:44:32+00:00,2813,4,182053,41.646,0.33,,underpriced
DSP56F805FV80E,NXP Semiconductors,Obsolete (Last Updated: 3 weeks ago),OBSOLETE,YIC International,False,2423,26.1301,USD,1,1,2026-08-31T20:44:31+00:00,0,1,169418,35.2235,0.742,,phantom_stock
DSP56F826BU80E,NXP Semiconductors,Obsolete (Last Updated: 3 weeks ago),OBSOLETE,Cytech Systems,False,2250,46.032,USD,1,5,2026-08-31T20:44:35+00:00,3,2,115695,27.391,1.681,,outstocks_channel
MC68331CAG20,NXP Semiconductors,Obsolete (Last Updated: 3 weeks ago),OBSOLETE,Vigor Components,False,1938,40.95573,USD,1,1,2026-08-31T20:44:38+00:00,74,3,260990,25.0705,1.634,,outstocks_channel
DSP56F801FA60E,NXP Semiconductors,Obsolete (Last Updated: 3 weeks ago),OBSOLETE,Anlinkda,False,1784,4.532,USD,1,5,2026-08-31T20:44:27+00:00,20549,11,175207,13.736,0.33,,underpriced
DSP56F807PY80E,NXP Semiconductors,Obsolete (Last Updated: 3 weeks ago),OBSOLETE,YIC International,False,1783,13.6637,USD,1,1,2026-08-31T20:44:32+00:00,2813,4,182053,41.646,0.328,,underpriced
MC68331CAG16,NXP Semiconductors,Obsolete (Last Updated: 3 weeks ago),OBSOLETE,ALLICDATA ELECTRONICS,False,1616,18.97,USD,1,5,2026-08-31T20:44:37+00:00,8,2,187098,33.1641,0.572,,outstocks_channel
DSP56F805FV80E,NXP Semiconductors,Obsolete (Last Updated: 3 weeks ago),OBSOLETE,Cytech Systems,False,1500,52.14,USD,1,5,2026-08-31T20:44:31+00:00,0,1,169418,35.2235,1.48,,phantom_stock
DSP56F826BU80E,NXP Semiconductors,Obsolete (Last Updated: 3 weeks ago),OBSOLETE,YIC International,False,1500,26.8872,USD,1,1,2026-08-31T20:44:35+00:00,3,2,115695,27.391,0.982,,outstocks_channel
DSP56F807PY80E,NXP Semiconductors,Obsolete (Last Updated: 3 weeks ago),OBSOLETE,ALLICDATA ELECTRONICS,False,1485,18.48,USD,1,5,2026-08-31T20:44:32+00:00,2813,4,182053,41.646,0.444,,underpriced
DSP56F805FV80E,NXP Semiconductors,Obsolete (Last Updated: 3 weeks ago),OBSOLETE,IC Components Ltd.,False,1462,26.1824,USD,1,1,2026-08-31T20:44:31+00:00,0,1,169418,35.2235,0.743,,phantom_stock
MC68331CAG16,NXP Semiconductors,Obsolete (Last Updated: 3 weeks ago),OBSOLETE,Bettlink,False,1400,45.8009,USD,1,5,2026-08-31T20:44:37+00:00,8,2,187098,33.1641,1.381,,outstocks_channel
DSP56F826BU80E,NXP Semiconductors,Obsolete (Last Updated: 3 weeks ago),OBSOLETE,Ansinor,False,1263,29.89043,USD,1,5,2026-08-31T20:44:35+00:00,3,2,115695,27.391,1.091,,outstocks_channel
DSP56F805FV80E,NXP Semiconductors,Obsolete (Last Updated: 3 weeks ago),OBSOLETE,Vigor Components,False,1185,35.17,USD,1,1,2026-08-31T20:44:31+00:00,0,1,169418,35.2235,0.998,,phantom_stock
DSP56F826BU80E,NXP Semiconductors,Obsolete (Last Updated: 3 weeks ago),OBSOLETE,Anlinkda,False,1122,35.317,USD,1,5,2026-08-31T20:44:35+00:00,3,2,115695,27.391,1.289,,outstocks_channel
DSP56F805FV80E,NXP Semiconductors,Obsolete (Last Updated: 3 weeks ago),OBSOLETE,Fly-Wing Technology,False,1086,35.1032,USD,1,3,2026-08-31T20:44:31+00:00,0,1,169418,35.2235,0.997,,phantom_stock
MC68331CAG16,NXP Semiconductors,Obsolete (Last Updated: 3 weeks ago),OBSOLETE,Vigor Components,False,1019,38.99,USD,1,1,2026-08-31T20:44:37+00:00,8,2,187098,33.1641,1.176,,outstocks_channel
DSP56F805FV80E,NXP Semiconductors,Obsolete (Last Updated: 3 weeks ago),OBSOLETE,Bettlink,False,1000,39.66108,USD,1,5,2026-08-31T20:44:31+00:00,0,1,169418,35.2235,1.126,,phantom_stock
DSP56F826BU80E,NXP Semiconductors,Obsolete (Last Updated: 3 weeks ago),OBSOLETE,RC Electronics,False,978,31.669,USD,1,5,2026-08-31T20:44:35+00:00,3,2,115695,27.391,1.156,,outstocks_channel
DSP56F826BU80E,NXP Semiconductors,Obsolete (Last Updated: 3 weeks ago),OBSOLETE,Bettlink,False,900,34.10153,USD,1,5,2026-08-31T20:44:35+00:00,3,2,115695,27.391,1.245,,outstocks_channel
DSP56F826BU80E,NXP Semiconductors,Obsolete (Last Updated: 3 weeks ago),OBSOLETE,XingHuan International,False,660,15.525,USD,1,1,2026-08-31T20:44:35+00:00,3,2,115695,27.391,0.567,,outstocks_channel
DSP56F801FA60E,NXP Semiconductors,Obsolete (Last Updated: 3 weeks ago),OBSOLETE,Bison Technologies,False,647,3.71,USD,100,3,2026-08-31T20:44:27+00:00,20549,11,175207,13.736,0.27,,underpriced
DSP56F826BU80E,NXP Semiconductors,Obsolete (Last Updated: 3 weeks ago),OBSOLETE,ALLICDATA ELECTRONICS,False,434,15.1,USD,1,5,2026-08-31T20:44:35+00:00,3,2,115695,27.391,0.551,,outstocks_channel
MC68331CAG16,NXP Semiconductors,Obsolete (Last Updated: 3 weeks ago),OBSOLETE,Microchip USA,False,354,26.736856,USD,50,4,2026-08-31T20:44:37+00:00,8,2,187098,33.1641,0.806,,outstocks_channel
DSP56F801FA80E,NXP Semiconductors,Obsolete (Last Updated: 3 weeks ago),OBSOLETE,Microchip USA,False,321,0.272,USD,3500,2,2026-08-31T20:44:28+00:00,11913,10,251970,14.9699,0.018,,underpriced
DSP56F826BU80E,NXP Semiconductors,Obsolete (Last Updated: 3 weeks ago),OBSOLETE,ODG (Origin Data Global),False,320,44.9102,USD,1,5,2026-08-31T20:44:35+00:00,3,2,115695,27.391,1.64,,outstocks_channel
DSP56F803BU80E,NXP Semiconductors,Obsolete (Last Updated: 3 weeks ago),OBSOLETE,ALLICDATA ELECTRONICS,False,213,15.44,USD,1,5,2026-08-31T20:44:29+00:00,3841,7,254205,35.2796,0.438,,underpriced
MC68331CAG16,NXP Semiconductors,Obsolete (Last Updated: 3 weeks ago),OBSOLETE,Classic Components,False,192,26.052,USD,100,3,2026-08-31T20:44:37+00:00,8,2,187098,33.1641,0.786,,outstocks_channel
DSP56F803BU80E,NXP Semiconductors,Obsolete (Last Updated: 3 weeks ago),OBSOLETE,GreenTree Electronics,False,177,0.0357,USD,20000,1,2026-08-31T20:44:29+00:00,3841,7,254205,35.2796,0.001,,underpriced
DSP56F826BU80E,NXP Semiconductors,Obsolete (Last Updated: 3 weeks ago),OBSOLETE,Microchip USA,False,134,27.872,USD,50,4,2026-08-31T20:44:35+00:00,3,2,115695,27.391,1.018,,outstocks_channel
DSP56F826BU80E,NXP Semiconductors,Obsolete (Last Updated: 3 weeks ago),OBSOLETE,Fly-Wing Technology,False,95,3.1844,USD,1,4,2026-08-31T20:44:35+00:00,3,2,115695,27.391,0.116,,underpriced
DSP56F801FA80E,NXP Semiconductors,Obsolete (Last Updated: 3 weeks ago),OBSOLETE,Axis Part Limited,False,44896,18.72,USD,1,5,2026-08-31T20:44:28+00:00,11913,10,251970,14.9699,1.251,,
DSP56F801FA80E,NXP Semiconductors,Obsolete (Last Updated: 3 weeks ago),OBSOLETE,Axis Part Limited,False,43510,18.72,USD,1,5,2026-08-31T20:44:28+00:00,11913,10,251970,14.9699,1.251,,
DSP56F801FA60E,NXP Semiconductors,Obsolete (Last Updated: 3 weeks ago),OBSOLETE,Antdic Electronics,False,41577,6.9426,USD,1,5,2026-08-31T20:44:27+00:00,20549,11,175207,13.736,0.505,,
DSP56F803BU80E,NXP Semiconductors,Obsolete (Last Updated: 3 weeks ago),OBSOLETE,Axis Part Limited,False,38187,27.19178,USD,1,1,2026-08-31T20:44:29+00:00,3841,7,254205,35.2796,0.771,,
DSP56F801FA80E,NXP Semiconductors,Obsolete (Last Updated: 3 weeks ago),OBSOLETE,Lingto Electronic Ltd.,False,37598,10.29,USD,1,5,2026-08-31T20:44:28+00:00,11913,10,251970,14.9699,0.687,,
DSP56F803BU80E,NXP Semiconductors,Obsolete (Last Updated: 3 weeks ago),OBSOLETE,Lingto Electronic Ltd.,False,33921,38.38,USD,1,5,2026-08-31T20:44:29+00:00,3841,7,254205,35.2796,1.088,,
DSP56F801FA60E,NXP Semiconductors,Obsolete (Last Updated: 3 weeks ago),OBSOLETE,"Fmall Co., Limited",False,29750,8.675,USD,1,4,2026-08-31T20:44:27+00:00,20549,11,175207,13.736,0.632,,
DSP56F801FA60E,NXP Semiconductors,Obsolete (Last Updated: 3 weeks ago),OBSOLETE,Axis Part Limited,False,28912,17.17,USD,1,5,2026-08-31T20:44:27+00:00,20549,11,175207,13.736,1.25,,
DSP56F801FA80E,NXP Semiconductors,Obsolete (Last Updated: 3 weeks ago),OBSOLETE,Axis Part Limited,False,27404,18.72,USD,1,5,2026-08-31T20:44:28+00:00,11913,10,251970,14.9699,1.251,,
DSP56F807PY80E,NXP Semiconductors,Obsolete (Last Updated: 3 weeks ago),OBSOLETE,Antdic Electronics,False,26539,23.104,USD,1,5,2026-08-31T20:44:32+00:00,2813,4,182053,41.646,0.555,,
DSP56F807PY80E,NXP Semiconductors,Obsolete (Last Updated: 3 weeks ago),OBSOLETE,Lingto Electronic Ltd.,False,26485,50.59,USD,1,5,2026-08-31T20:44:32+00:00,2813,4,182053,41.646,1.215,,
DSP56F801FA80E,NXP Semiconductors,Obsolete (Last Updated: 3 weeks ago),OBSOLETE,ICPartonline,False,22232,7.6342,USD,1,5,2026-08-31T20:44:28+00:00,11913,10,251970,14.9699,0.51,,
DSP56F807PY80E,NXP Semiconductors,Obsolete (Last Updated: 3 weeks ago),OBSOLETE,Axis Part Limited,False,20975,44.06,USD,1,5,2026-08-31T20:44:32+00:00,2813,4,182053,41.646,1.058,,
DSP56F801FA60E,NXP Semiconductors,Obsolete (Last Updated: 3 weeks ago),OBSOLETE,Lingto Electronic Ltd.,False,16908,14.35,USD,1,5,2026-08-31T20:44:27+00:00,20549,11,175207,13.736,1.045,,
DSP56F801FA60E,NXP Semiconductors,Obsolete (Last Updated: 3 weeks ago),OBSOLETE,ICPartonline,False,16692,6.9426,USD,1,5,2026-08-31T20:44:27+00:00,20549,11,175207,13.736,0.505,,
DSP56F801FA80E,NXP Semiconductors,Obsolete (Last Updated: 3 weeks ago),OBSOLETE,"Fmall Co., Limited",False,16080,14.4931,USD,1,4,2026-08-31T20:44:28+00:00,11913,10,251970,14.9699,0.968,,
DSP56F801FA60E,NXP Semiconductors,Obsolete (Last Updated: 3 weeks ago),OBSOLETE,Axis Part Limited,False,14536,17.17,USD,1,5,2026-08-31T20:44:27+00:00,20549,11,175207,13.736,1.25,,
DSP56F801FA80E,NXP Semiconductors,Obsolete (Last Updated: 3 weeks ago),OBSOLETE,Lixinc,False,14473,15.78,USD,1,2,2026-08-31T20:44:28+00:00,11913,10,251970,14.9699,1.054,,
DSP56F807PY80E,NXP Semiconductors,Obsolete (Last Updated: 3 weeks ago),OBSOLETE,Lixinc,False,11336,41.81,USD,1,2,2026-08-31T20:44:32+00:00,2813,4,182053,41.646,1.004,,
DSP56F801FA80E,NXP Semiconductors,Obsolete (Last Updated: 3 weeks ago),OBSOLETE,Lingto Electronic Ltd.,False,11321,13.22,USD,1,5,2026-08-31T20:44:28+00:00,11913,10,251970,14.9699,0.883,,
DSP56F827FG80E,NXP Semiconductors,Obsolete (Last Updated: 3 weeks ago),OBSOLETE,Worldway Electronics,False,9952,12.88,USD,7,5,2026-08-31T20:44:36+00:00,1546,4,379548,23.65,0.545,,
DSP56F803BU80E,NXP Semiconductors,Obsolete (Last Updated: 3 weeks ago),OBSOLETE,SHENGYU ELECTRONICS,False,9705,28.7485,USD,1,5,2026-08-31T20:44:29+00:00,3841,7,254205,35.2796,0.815,,
DSP56F807PY80E,NXP Semiconductors,Obsolete (Last Updated: 3 weeks ago),OBSOLETE,"Fmall Co., Limited",False,9580,32.7211,USD,1,4,2026-08-31T20:44:32+00:00,2813,4,182053,41.646,0.786,,
DSP56F807PY80E,NXP Semiconductors,Obsolete (Last Updated: 3 weeks ago),OBSOLETE,ICPartonline,False,8772,23.104,USD,1,5,2026-08-31T20:44:32+00:00,2813,4,182053,41.646,0.555,,
DSP56F801FA60E,NXP Semiconductors,Obsolete (Last Updated: 3 weeks ago),OBSOLETE,Rochester Electronics,True,7972,12.09,USD,25,5,2026-08-31T20:44:27+00:00,20549,11,175207,13.736,0.88,,
DSP56F801FA80E,NXP Semiconductors,Obsolete (Last Updated: 3 weeks ago),OBSOLETE,Win Source,False,7900,11.6825,USD,6,6,2026-08-31T20:44:28+00:00,11913,10,251970,14.9699,0.78,,
DSP56F803BU80E,NXP Semiconductors,Obsolete (Last Updated: 3 weeks ago),OBSOLETE,Lixinc,False,7812,31.72,USD,1,2,2026-08-31T20:44:29+00:00,3841,7,254205,35.2796,0.899,,
DSP56F807PY80E,NXP Semiconductors,Obsolete (Last Updated: 3 weeks ago),OBSOLETE,SHENGYU ELECTRONICS,False,7071,30.6274,USD,1,5,2026-08-31T20:44:32+00:00,2813,4,182053,41.646,0.735,,
DSP56F801FA60E,NXP Semiconductors,Obsolete (Last Updated: 3 weeks ago),OBSOLETE,Verical,True,6498,15.1125,USD,25,5,2026-08-31T20:44:27+00:00,20549,11,175207,13.736,1.1,,
DSP56F803BU80E,NXP Semiconductors,Obsolete (Last Updated: 3 weeks ago),OBSOLETE,ODG (Origin Data Global),False,5915,24.7006,USD,2,5,2026-08-31T20:44:29+00:00,3841,7,254205,35.2796,0.7,,
DSP56F827FG80E,NXP Semiconductors,Obsolete (Last Updated: 3 weeks ago),OBSOLETE,SHENGYU ELECTRONICS,False,5911,26.9522,USD,1,5,2026-08-31T20:44:36+00:00,1546,4,379548,23.65,1.14,,
DSP56F827FG80E,NXP Semiconductors,Obsolete (Last Updated: 3 weeks ago),OBSOLETE,Fly-Wing Technology,False,5096,22.81334,USD,1,4,2026-08-31T20:44:36+00:00,1546,4,379548,23.65,0.965,,
DSP56F801FA80E,NXP Semiconductors,Obsolete (Last Updated: 3 weeks ago),OBSOLETE,ODG (Origin Data Global),False,3663,14.5958,USD,4,5,2026-08-31T20:44:28+00:00,11913,10,251970,14.9699,0.975,,
DSP56F801FA80E,NXP Semiconductors,Obsolete (Last Updated: 3 weeks ago),OBSOLETE,ODG (Origin Data Global),False,3663,14.5958,USD,4,5,2026-08-31T20:44:28+00:00,11913,10,251970,14.9699,0.975,,
DSP56F827FG80E,NXP Semiconductors,Obsolete (Last Updated: 3 weeks ago),OBSOLETE,ODG (Origin Data Global),False,3617,20.2096,USD,3,5,2026-08-31T20:44:36+00:00,1546,4,379548,23.65,0.855,,
DSP56F827FG80E,NXP Semiconductors,Obsolete (Last Updated: 3 weeks ago),OBSOLETE,IC Components Ltd.,False,3443,62.5996,USD,1,1,2026-08-31T20:44:36+00:00,1546,4,379548,23.65,2.647,,
DSP56F803BU80E,NXP Semiconductors,Obsolete (Last Updated: 3 weeks ago),OBSOLETE,IC Components Ltd.,False,3431,37.9644,USD,1,1,2026-08-31T20:44:29+00:00,3841,7,254205,35.2796,1.076,,
DSP56F827FG80E,NXP Semiconductors,Obsolete (Last Updated: 3 weeks ago),OBSOLETE,YIC International,False,3343,62.5994,USD,1,1,2026-08-31T20:44:36+00:00,1546,4,379548,23.65,2.647,,
DSP56F801FA80E,NXP Semiconductors,Obsolete (Last Updated: 3 weeks ago),OBSOLETE,Verical,True,3000,17.4298,USD,1,3,2026-08-31T20:44:28+00:00,11913,10,251970,14.9699,1.164,,
DSP56F801FA80E,NXP Semiconductors,Obsolete (Last Updated: 3 weeks ago),OBSOLETE,Arrow Electronics,True,3000,17.3309,USD,1,3,2026-08-31T20:44:28+00:00,11913,10,251970,14.9699,1.158,,
DSP56F801FA80E,NXP Semiconductors,Obsolete (Last Updated: 3 weeks ago),OBSOLETE,Ansinor,False,2820,16.00751,USD,1,5,2026-08-31T20:44:28+00:00,11913,10,251970,14.9699,1.069,,
DSP56F827FG80E,NXP Semiconductors,Obsolete (Last Updated: 3 weeks ago),OBSOLETE,Bettlink,False,2700,38.9373,USD,1,5,2026-08-31T20:44:36+00:00,1546,4,379548,23.65,1.646,,
DSP56F801FA80E,NXP Semiconductors,Obsolete (Last Updated: 3 weeks ago),OBSOLETE,IC Components Ltd.,False,2695,9.11,USD,1,4,2026-08-31T20:44:28+00:00,11913,10,251970,14.9699,0.609,,
DSP56F801FA60E,NXP Semiconductors,Obsolete (Last Updated: 3 weeks ago),OBSOLETE,ZTZ Technology Limited,False,2681,6.943,USD,1,5,2026-08-31T20:44:27+00:00,20549,11,175207,13.736,0.505,,
DSP56F807PY80E,NXP Semiconductors,Obsolete (Last Updated: 3 weeks ago),OBSOLETE,Newark,True,2680,52.04,USD,1,7,2026-08-31T20:44:32+00:00,2813,4,182053,41.646,1.25,,
DSP56F801FA80E,NXP Semiconductors,Obsolete (Last Updated: 3 weeks ago),OBSOLETE,Verical,True,2369,5.822,USD,2,1,2026-08-31T20:44:28+00:00,11913,10,251970,14.9699,0.389,,
DSP56F827FG80E,NXP Semiconductors,Obsolete (Last Updated: 3 weeks ago),OBSOLETE,Weyland Electronics Group Pte. Ltd.,False,2201,52.336,USD,1,1,2026-08-31T20:44:36+00:00,1546,4,379548,23.65,2.213,,
DSP56F827FG80E,NXP Semiconductors,Obsolete (Last Updated: 3 weeks ago),OBSOLETE,Win Source,False,2201,49.8642,USD,2,6,2026-08-31T20:44:36+00:00,1546,4,379548,23.65,2.108,,
DSP56F803BU80E,NXP Semiconductors,Obsolete (Last Updated: 3 weeks ago),OBSOLETE,Component Stockers USA,False,2077,23.22,USD,1,3,2026-08-31T20:44:29+00:00,3841,7,254205,35.2796,0.658,,
DSP56F807VF80E,NXP Semiconductors,Obsolete (Last Updated: 3 weeks ago),OBSOLETE,Ansinor,False,2022,41.12257,USD,1,5,2026-08-31T20:44:33+00:00,252,3,247913,46.7305,0.88,,
DSP56F801FA60E,NXP Semiconductors,Obsolete (Last Updated: 3 weeks ago),OBSOLETE,RC Electronics,False,1867,9.92,USD,1,5,2026-08-31T20:44:27+00:00,20549,11,175207,13.736,0.722,,
DSP56F801FA60E,NXP Semiconductors,Obsolete (Last Updated: 3 weeks ago),OBSOLETE,Verical,True,1846,4.747,USD,2,1,2026-08-31T20:44:27+00:00,20549,11,175207,13.736,0.346,,
DSP56F801FA60E,NXP Semiconductors,Obsolete (Last Updated: 3 weeks ago),OBSOLETE,Bettlink,False,1800,16.65356,USD,1,5,2026-08-31T20:44:27+00:00,20549,11,175207,13.736,1.212,,
DSP56F803BU80E,NXP Semiconductors,Obsolete (Last Updated: 3 weeks ago),OBSOLETE,Newark,True,1763,43.43,USD,1,7,2026-08-31T20:44:29+00:00,3841,7,254205,35.2796,1.231,,
DSP56F807VF80E,NXP Semiconductors,Obsolete (Last Updated: 3 weeks ago),OBSOLETE,IC Components Ltd.,False,1676,83.5,USD,1,4,2026-08-31T20:44:33+00:00,252,3,247913,46.7305,1.787,,
DSP56F803BU80E,NXP Semiconductors,Obsolete (Last Updated: 3 weeks ago),OBSOLETE,Ansinor,False,1656,52.00404,USD,1,5,2026-08-31T20:44:29+00:00,3841,7,254205,35.2796,1.474,,
DSP56F803BU80E,NXP Semiconductors,Obsolete (Last Updated: 3 weeks ago),OBSOLETE,YIC International,False,1638,37.8887,USD,1,1,2026-08-31T20:44:29+00:00,3841,7,254205,35.2796,1.074,,
DSP56F807PY80E,NXP Semiconductors,Obsolete (Last Updated: 3 weeks ago),OBSOLETE,ODG (Origin Data Global),False,1604,33.6826,USD,2,5,2026-08-31T20:44:32+00:00,2813,4,182053,41.646,0.809,,
DSP56F807PY80E,NXP Semiconductors,Obsolete (Last Updated: 3 weeks ago),OBSOLETE,Epart123,False,1600,92.5,USD,200,2,2026-08-31T20:44:32+00:00,2813,4,182053,41.646,2.221,,
DSP56F807VF80E,NXP Semiconductors,Obsolete (Last Updated: 3 weeks ago),OBSOLETE,YIC International,False,1576,83.1171,USD,1,4,2026-08-31T20:44:33+00:00,252,3,247913,46.7305,1.779,,
DSP56F807PY80E,NXP Semiconductors,Obsolete (Last Updated: 3 weeks ago),OBSOLETE,Ansinor,False,1505,40.42273,USD,1,5,2026-08-31T20:44:32+00:00,2813,4,182053,41.646,0.971,,
DSP56F807VF80E,NXP Semiconductors,Obsolete (Last Updated: 3 weeks ago),OBSOLETE,Bettlink,False,1500,45.9511,USD,1,5,2026-08-31T20:44:33+00:00,252,3,247913,46.7305,0.983,,
DSP56F807VF80E,NXP Semiconductors,Obsolete (Last Updated: 3 weeks ago),OBSOLETE,Cytech Systems,False,1260,65.748,USD,1,5,2026-08-31T20:44:33+00:00,252,3,247913,46.7305,1.407,,
DSP56F801FA80E,NXP Semiconductors,Obsolete (Last Updated: 3 weeks ago),OBSOLETE,DigiKey,True,1254,22.34,USD,1,6,2026-08-31T20:44:28+00:00,11913,10,251970,14.9699,1.492,,
DSP56F801FA60E,NXP Semiconductors,Obsolete (Last Updated: 3 weeks ago),OBSOLETE,Mouser,True,1250,20.49,USD,1,6,2026-08-31T20:44:27+00:00,20549,11,175207,13.736,1.492,,
DSP56F801FA60E,NXP Semiconductors,Obsolete (Last Updated: 3 weeks ago),OBSOLETE,Win Source,False,1250,21.3172,USD,4,6,2026-08-31T20:44:27+00:00,20549,11,175207,13.736,1.552,,
DSP56F801FA60E,NXP Semiconductors,Obsolete (Last Updated: 3 weeks ago),OBSOLETE,Cytech Systems,False,1250,12.912,USD,1,5,2026-08-31T20:44:27+00:00,20549,11,175207,13.736,0.94,,
DSP56F801FA80E,NXP Semiconductors,Obsolete (Last Updated: 3 weeks ago),OBSOLETE,Cytech Systems,False,1250,25.452,USD,1,5,2026-08-31T20:44:28+00:00,11913,10,251970,14.9699,1.7,,
DSP56F801FA80E,NXP Semiconductors,Obsolete (Last Updated: 3 weeks ago),OBSOLETE,Mouser,True,1227,22.34,USD,1,6,2026-08-31T20:44:28+00:00,11913,10,251970,14.9699,1.492,,
DSP56F807PY80E,NXP Semiconductors,Obsolete (Last Updated: 3 weeks ago),OBSOLETE,Win Source,False,1200,105.6819,USD,1,4,2026-08-31T20:44:32+00:00,2813,4,182053,41.646,2.538,,
DSP56F827FG80E,NXP Semiconductors,Obsolete (Last Updated: 3 weeks ago),OBSOLETE,Anlinkda,False,1200,21.602,USD,1,5,2026-08-31T20:44:36+00:00,1546,4,379548,23.65,0.913,,
DSP56F807PY80E,NXP Semiconductors,Obsolete (Last Updated: 3 weeks ago),OBSOLETE,Fly-Wing Technology,False,1128,77.102,USD,1,4,2026-08-31T20:44:32+00:00,2813,4,182053,41.646,1.851,,
DSP56F801FA60E,NXP Semiconductors,Obsolete (Last Updated: 3 weeks ago),OBSOLETE,Fly-Wing Technology,False,1112,10.9648,USD,1,3,2026-08-31T20:44:27+00:00,20549,11,175207,13.736,0.798,,
DSP56F803BU80E,NXP Semiconductors,Obsolete (Last Updated: 3 weeks ago),OBSOLETE,Bettlink,False,1100,49.29078,USD,1,5,2026-08-31T20:44:29+00:00,3841,7,254205,35.2796,1.397,,
DSP56F801FA80E,NXP Semiconductors,Obsolete (Last Updated: 3 weeks ago),OBSOLETE,Bettlink,False,1000,18.08804,USD,1,5,2026-08-31T20:44:28+00:00,11913,10,251970,14.9699,1.208,,
DSP56F803BU80E,NXP Semiconductors,Obsolete (Last Updated: 3 weeks ago),OBSOLETE,XingHuan International,False,1000,19.175,USD,1,1,2026-08-31T20:44:29+00:00,3841,7,254205,35.2796,0.544,,
DSP56F803BU80E,NXP Semiconductors,Obsolete (Last Updated: 3 weeks ago),OBSOLETE,Chipsmall Limited,False,1000,33.864,USD,1,5,2026-08-31T20:44:29+00:00,3841,7,254205,35.2796,0.96,,
DSP56F807PY80E,NXP Semiconductors,Obsolete (Last Updated: 3 weeks ago),OBSOLETE,Bettlink,False,1000,45.1691,USD,1,5,2026-08-31T20:44:32+00:00,2813,4,182053,41.646,1.085,,
DSP56F827FG80E,NXP Semiconductors,Obsolete (Last Updated: 3 weeks ago),OBSOLETE,ALLICDATA ELECTRONICS,False,1000,13.42,USD,1,5,2026-08-31T20:44:36+00:00,1546,4,379548,23.65,0.567,,
DSP56F801FA60E,NXP Semiconductors,Obsolete (Last Updated: 3 weeks ago),OBSOLETE,DigiKey,True,980,20.49,USD,1,6,2026-08-31T20:44:27+00:00,20549,11,175207,13.736,1.492,,
DSP56F803BU80E,NXP Semiconductors,Obsolete (Last Updated: 3 weeks ago),OBSOLETE,RC Electronics,False,967,31.823,USD,1,5,2026-08-31T20:44:29+00:00,3841,7,254205,35.2796,0.902,,
DSP56F801FA80E,NXP Semiconductors,Obsolete (Last Updated: 3 weeks ago),OBSOLETE,Hi-Tech Circuit Group Ltd.,False,965,8.27,USD,100,3,2026-08-31T20:44:28+00:00,11913,10,251970,14.9699,0.552,,
DSP56F803BU80E,NXP Semiconductors,Obsolete (Last Updated: 3 weeks ago),OBSOLETE,Win Source,False,900,66.4748,USD,1,6,2026-08-31T20:44:29+00:00,3841,7,254205,35.2796,1.884,,
DSP56F805FV80E,NXP Semiconductors,Obsolete (Last Updated: 3 weeks ago),OBSOLETE,RC Electronics,False,872,35.277,USD,1,5,2026-08-31T20:44:31+00:00,0,1,169418,35.2235,1.002,,
DSP56F805FV80E,NXP Semiconductors,Obsolete (Last Updated: 3 weeks ago),OBSOLETE,ODG (Origin Data Global),False,858,67.3653,USD,1,5,2026-08-31T20:44:31+00:00,0,1,169418,35.2235,1.913,,
DSP56F801FA60E,NXP Semiconductors,Obsolete (Last Updated: 3 weeks ago),OBSOLETE,Verical,True,833,15.1125,USD,25,5,2026-08-31T20:44:27+00:00,20549,11,175207,13.736,1.1,,
DSP56F827FG80E,NXP Semiconductors,Obsolete (Last Updated: 3 weeks ago),OBSOLETE,RC Electronics,False,816,36.762,USD,1,5,2026-08-31T20:44:36+00:00,1546,4,379548,23.65,1.554,,
DSP56F803BU80E,NXP Semiconductors,Obsolete (Last Updated: 3 weeks ago),OBSOLETE,Fly-Wing Technology,False,809,199.63775,USD,1,2,2026-08-31T20:44:29+00:00,3841,7,254205,35.2796,5.659,,
DSP56F807PY80E,NXP Semiconductors,Obsolete (Last Updated: 3 weeks ago),OBSOLETE,Weyland Electronics Group Pte. Ltd.,False,800,53.832,USD,1,1,2026-08-31T20:44:32+00:00,2813,4,182053,41.646,1.293,,
DSP56F801FA60E,NXP Semiconductors,Obsolete (Last Updated: 3 weeks ago),OBSOLETE,Vigor Components,False,799,14.36,USD,1,1,2026-08-31T20:44:27+00:00,20549,11,175207,13.736,1.045,,
DSP56F807PY80E,NXP Semiconductors,Obsolete (Last Updated: 3 weeks ago),OBSOLETE,Chipsmall Limited,False,780,56.2836,USD,1,5,2026-08-31T20:44:32+00:00,2813,4,182053,41.646,1.351,,
DSP56F827FG80E,NXP Semiconductors,Obsolete (Last Updated: 3 weeks ago),OBSOLETE,Verical,True,720,23.197,USD,1,1,2026-08-31T20:44:36+00:00,1546,4,379548,23.65,0.981,,
DSP56F827FG80E,NXP Semiconductors,Obsolete (Last Updated: 3 weeks ago),OBSOLETE,Arrow Electronics,True,720,23.0653,USD,1,1,2026-08-31T20:44:36+00:00,1546,4,379548,23.65,0.975,,
DSP56F807VF80E,NXP Semiconductors,Obsolete (Last Updated: 3 weeks ago),OBSOLETE,Component Search,False,630,50.0,USD,1,1,2026-08-31T20:44:33+00:00,252,3,247913,46.7305,1.07,,
DSP56F807VF80E,NXP Semiconductors,Obsolete (Last Updated: 3 weeks ago),OBSOLETE,Anlinkda,False,610,29.834,USD,1,5,2026-08-31T20:44:33+00:00,252,3,247913,46.7305,0.638,,
DSP56F801FA60E,NXP Semiconductors,Obsolete (Last Updated: 3 weeks ago),OBSOLETE,Verical,True,598,15.1125,USD,25,5,2026-08-31T20:44:27+00:00,20549,11,175207,13.736,1.1,,
DSP56F801FA80E,NXP Semiconductors,Obsolete (Last Updated: 3 weeks ago),OBSOLETE,Component Stockers USA,False,566,12.59,USD,1,4,2026-08-31T20:44:28+00:00,11913,10,251970,14.9699,0.841,,
DSP56F803BU80E,NXP Semiconductors,Obsolete (Last Updated: 3 weeks ago),OBSOLETE,Vigor Components,False,564,31.72,USD,1,1,2026-08-31T20:44:29+00:00,3841,7,254205,35.2796,0.899,,
DSP56F801FA80E,NXP Semiconductors,Obsolete (Last Updated: 3 weeks ago),OBSOLETE,Verical,True,551,15.3439,USD,45,3,2026-08-31T20:44:28+00:00,11913,10,251970,14.9699,1.025,,
DSP56F801FA60E,NXP Semiconductors,Obsolete (Last Updated: 3 weeks ago),OBSOLETE,XingHuan International,False,544,7.175,USD,1,1,2026-08-31T20:44:27+00:00,20549,11,175207,13.736,0.522,,
DSP56F807VF80E,NXP Semiconductors,Obsolete (Last Updated: 3 weeks ago),OBSOLETE,Quest,False,504,32.0824,USD,1,7,2026-08-31T20:44:33+00:00,252,3,247913,46.7305,0.687,,
DSP56F807PY80E,NXP Semiconductors,Obsolete (Last Updated: 3 weeks ago),OBSOLETE,RC Electronics,False,480,41.646,USD,1,5,2026-08-31T20:44:32+00:00,2813,4,182053,41.646,1.0,,
DSP56F803BU80E,NXP Semiconductors,Obsolete (Last Updated: 3 weeks ago),OBSOLETE,Classic Components,False,459,26.52,USD,100,3,2026-08-31T20:44:29+00:00,3841,7,254205,35.2796,0.752,,
DSP56F803BU80E,NXP Semiconductors,Obsolete (Last Updated: 3 weeks ago),OBSOLETE,Arrow Electronics,True,450,36.6952,USD,1,4,2026-08-31T20:44:29+00:00,3841,7,254205,35.2796,1.04,,
DSP56F803BU80E,NXP Semiconductors,Obsolete (Last Updated: 3 weeks ago),OBSOLETE,Verical,True,450,36.6952,USD,1,4,2026-08-31T20:44:29+00:00,3841,7,254205,35.2796,1.04,,
DSP56F801FA60E,NXP Semiconductors,Obsolete (Last Updated: 3 weeks ago),OBSOLETE,Rochester Electronics,True,432,12.09,USD,25,5,2026-08-31T20:44:27+00:00,20549,11,175207,13.736,0.88,,
DSP56F807VF80E,NXP Semiconductors,Obsolete (Last Updated: 3 weeks ago),OBSOLETE,RC Electronics,False,415,29.42,USD,1,5,2026-08-31T20:44:33+00:00,252,3,247913,46.7305,0.63,,
DSP56F805FV80E,NXP Semiconductors,Obsolete (Last Updated: 3 weeks ago),OBSOLETE,Microchip USA,False,373,32.816,USD,50,4,2026-08-31T20:44:31+00:00,0,1,169418,35.2235,0.932,,
DSP56F807PY80E,NXP Semiconductors,Obsolete (Last Updated: 3 weeks ago),OBSOLETE,Component Stockers USA,False,367,29.93,USD,1,3,2026-08-31T20:44:32+00:00,2813,4,182053,41.646,0.719,,
DSP56F827FG80E,NXP Semiconductors,Obsolete (Last Updated: 3 weeks ago),OBSOLETE,Esaler Electronic,False,360,25.792,USD,1,5,2026-08-31T20:44:36+00:00,1546,4,379548,23.65,1.091,,
DSP56F803BU80E,NXP Semiconductors,Obsolete (Last Updated: 3 weeks ago),OBSOLETE,Arrow Electronics,True,359,37.2254,USD,1,2,2026-08-31T20:44:29+00:00,3841,7,254205,35.2796,1.055,,
DSP56F803BU80E,NXP Semiconductors,Obsolete (Last Updated: 3 weeks ago),OBSOLETE,Verical,True,359,37.04,USD,1,3,2026-08-31T20:44:29+00:00,3841,7,254205,35.2796,1.05,,
DSP56F807VF80E,NXP Semiconductors,Obsolete (Last Updated: 3 weeks ago),OBSOLETE,XingHuan International,False,333,28.925,USD,1,1,2026-08-31T20:44:33+00:00,252,3,247913,46.7305,0.619,,
DSP56F805FV80E,NXP Semiconductors,Obsolete (Last Updated: 3 weeks ago),OBSOLETE,XingHuan International,False,313,21.275,USD,1,1,2026-08-31T20:44:31+00:00,0,1,169418,35.2235,0.604,,
DSP56F807PY80E,NXP Semiconductors,Obsolete (Last Updated: 3 weeks ago),OBSOLETE,XingHuan International,False,302,25.275,USD,1,1,2026-08-31T20:44:32+00:00,2813,4,182053,41.646,0.607,,
MC68331CAG20,NXP Semiconductors,Obsolete (Last Updated: 3 weeks ago),OBSOLETE,Esaler Electronic,False,300,33.157,USD,1,5,2026-08-31T20:44:38+00:00,74,3,260990,25.0705,1.323,,
MC68331CAG20,NXP Semiconductors,Obsolete (Last Updated: 3 weeks ago),OBSOLETE,ODG (Origin Data Global),False,270,17.9641,USD,3,5,2026-08-31T20:44:38+00:00,74,3,260990,25.0705,0.717,,
DSP56F801FA60E,NXP Semiconductors,Obsolete (Last Updated: 3 weeks ago),OBSOLETE,Microchip USA,False,266,13.736,USD,150,3,2026-08-31T20:44:27+00:00,20549,11,175207,13.736,1.0,,
DSP56F803BU80E,NXP Semiconductors,Obsolete (Last Updated: 3 weeks ago),OBSOLETE,Arrow Electronics,True,230,37.5116,USD,1,3,2026-08-31T20:44:29+00:00,3841,7,254205,35.2796,1.063,,
DSP56F803BU80E,NXP Semiconductors,Obsolete (Last Updated: 3 weeks ago),OBSOLETE,Verical,True,230,37.7257,USD,1,3,2026-08-31T20:44:29+00:00,3841,7,254205,35.2796,1.069,,
DSP56F801FA80E,NXP Semiconductors,Obsolete (Last Updated: 3 weeks ago),OBSOLETE,Rochester Electronics,True,224,13.29,USD,25,5,2026-08-31T20:44:28+00:00,11913,10,251970,14.9699,0.888,,
DSP56F801FA80E,NXP Semiconductors,Obsolete (Last Updated: 3 weeks ago),OBSOLETE,Verical,True,224,16.6125,USD,25,5,2026-08-31T20:44:28+00:00,11913,10,251970,14.9699,1.11,,
DSP56F827FG80E,NXP Semiconductors,Obsolete (Last Updated: 3 weeks ago),OBSOLETE,Microchip USA,False,204,15.04,USD,150,3,2026-08-31T20:44:36+00:00,1546,4,379548,23.65,0.636,,
DSP56F807PY80E,NXP Semiconductors,Obsolete (Last Updated: 3 weeks ago),OBSOLETE,Cytech Systems,False,200,57.48,USD,1,5,2026-08-31T20:44:32+00:00,2813,4,182053,41.646,1.38,,
DSP56F801FA80E,NXP Semiconductors,Obsolete (Last Updated: 3 weeks ago),OBSOLETE,Vigor Components,False,190,15.78,USD,1,1,2026-08-31T20:44:28+00:00,11913,10,251970,14.9699,1.054,,
DSP56F827FG80E,NXP Semiconductors,Obsolete (Last Updated: 3 weeks ago),OBSOLETE,Hi-Tech Circuit Group Ltd.,False,179,23.65,USD,100,3,2026-08-31T20:44:36+00:00,1546,4,379548,23.65,1.0,,
DSP56F803BU80E,NXP Semiconductors,Obsolete (Last Updated: 3 weeks ago),OBSOLETE,Jak Electronics,False,177,54.7509,USD,1,5,2026-08-31T20:44:29+00:00,3841,7,254205,35.2796,1.552,,
MC68331CAG20,NXP Semiconductors,Obsolete (Last Updated: 3 weeks ago),OBSOLETE,Microchip USA,False,159,28.084664,USD,50,4,2026-08-31T20:44:38+00:00,74,3,260990,25.0705,1.12,,
DSP56F807VF80E,NXP Semiconductors,Obsolete (Last Updated: 3 weeks ago),OBSOLETE,Microchip USA,False,152,38.008,USD,50,4,2026-08-31T20:44:33+00:00,252,3,247913,46.7305,0.813,,
DSP56F803BU80E,NXP Semiconductors,Obsolete (Last Updated: 3 weeks ago),OBSOLETE,Microchip USA,False,136,150.0,USD,20,4,2026-08-31T20:44:29+00:00,3841,7,254205,35.2796,4.252,,
DSP56F807VF80E,NXP Semiconductors,Obsolete (Last Updated: 3 weeks ago),OBSOLETE,Arrow Electronics,True,126,50.1738,USD,1,4,2026-08-31T20:44:33+00:00,252,3,247913,46.7305,1.074,,
DSP56F807VF80E,NXP Semiconductors,Obsolete (Last Updated: 3 weeks ago),OBSOLETE,Verical,True,126,50.4602,USD,1,4,2026-08-31T20:44:33+00:00,252,3,247913,46.7305,1.08,,
DSP56F827FG80E,NXP Semiconductors,Obsolete (Last Updated: 3 weeks ago),OBSOLETE,Verical,True,106,25.58,USD,1,2,2026-08-31T20:44:36+00:00,1546,4,379548,23.65,1.082,,
DSP56F801FA80E,NXP Semiconductors,Obsolete (Last Updated: 3 weeks ago),OBSOLETE,Fly-Wing Technology,False,105,17.1424,USD,1,3,2026-08-31T20:44:28+00:00,11913,10,251970,14.9699,1.145,,
DSP56F807PY80E,NXP Semiconductors,Obsolete (Last Updated: 3 weeks ago),OBSOLETE,Microchip USA,False,104,27.5,USD,50,4,2026-08-31T20:44:32+00:00,2813,4,182053,41.646,0.66,,
DSP56F807VF80E,NXP Semiconductors,Obsolete (Last Updated: 3 weeks ago),OBSOLETE,Fly-Wing Technology,False,103,134.23975,USD,1,3,2026-08-31T20:44:33+00:00,252,3,247913,46.7305,2.873,,
DSP56F801FA60E,NXP Semiconductors,Obsolete (Last Updated: 3 weeks ago),OBSOLETE,Verical,True,97,15.1125,USD,25,5,2026-08-31T20:44:27+00:00,20549,11,175207,13.736,1.1,,
DSP56F805FV80E,NXP Semiconductors,Obsolete (Last Updated: 3 weeks ago),OBSOLETE,Weyland Electronics Group Pte. Ltd.,False,90,45.594,USD,1,1,2026-08-31T20:44:31+00:00,0,1,169418,35.2235,1.294,,
MC68331CAG20,NXP Semiconductors,Obsolete (Last Updated: 3 weeks ago),OBSOLETE,Verical,True,73,17.37,USD,1,1,2026-08-31T20:44:38+00:00,74,3,260990,25.0705,0.693,,
DSP56F801FA80E,NXP Semiconductors,Obsolete (Last Updated: 3 weeks ago),OBSOLETE,Rochester Electronics,True,64,13.29,USD,25,5,2026-08-31T20:44:28+00:00,11913,10,251970,14.9699,0.888,,
DSP56F801FA80E,NXP Semiconductors,Obsolete (Last Updated: 3 weeks ago),OBSOLETE,DigiKey Marketplace,False,64,16.61,USD,18,1,2026-08-31T20:44:28+00:00,11913,10,251970,14.9699,1.11,,
DSP56F807PY80E,NXP Semiconductors,Obsolete (Last Updated: 3 weeks ago),OBSOLETE,Mouser,True,55,49.95,USD,1,6,2026-08-31T20:44:32+00:00,2813,4,182053,41.646,1.199,,
MC68331CAG20,NXP Semiconductors,Obsolete (Last Updated: 3 weeks ago),OBSOLETE,Fly-Wing Technology,False,48,20.1362,USD,1,4,2026-08-31T20:44:38+00:00,74,3,260990,25.0705,0.803,,
MC68331CAG20,NXP Semiconductors,Obsolete (Last Updated: 3 weeks ago),OBSOLETE,Win Source,False,44,26.2769,USD,3,6,2026-08-31T20:44:38+00:00,74,3,260990,25.0705,1.048,,
DSP56F801FA60E,NXP Semiconductors,Obsolete (Last Updated: 3 weeks ago),OBSOLETE,Verical,True,43,15.1125,USD,25,5,2026-08-31T20:44:27+00:00,20549,11,175207,13.736,1.1,,
DSP56F807PY80E,NXP Semiconductors,Obsolete (Last Updated: 3 weeks ago),OBSOLETE,Classic Components,False,41,53.64,USD,100,3,2026-08-31T20:44:32+00:00,2813,4,182053,41.646,1.288,,
DSP56F807PY80E,NXP Semiconductors,Obsolete (Last Updated: 3 weeks ago),OBSOLETE,Arrow Electronics,True,39,40.1529,USD,1,2,2026-08-31T20:44:32+00:00,2813,4,182053,41.646,0.964,,
DSP56F807PY80E,NXP Semiconductors,Obsolete (Last Updated: 3 weeks ago),OBSOLETE,Verical,True,39,40.3822,USD,1,3,2026-08-31T20:44:32+00:00,2813,4,182053,41.646,0.97,,
MC68331CAG16,NXP Semiconductors,Obsolete (Last Updated: 3 weeks ago),OBSOLETE,Win Source,False,20,40.6426,USD,2,6,2026-08-31T20:44:37+00:00,8,2,187098,33.1641,1.226,,
MC68331CAG16,NXP Semiconductors,Obsolete (Last Updated: 3 weeks ago),OBSOLETE,Fly-Wing Technology,False,19,67.12035,USD,1,4,2026-08-31T20:44:37+00:00,8,2,187098,33.1641,2.024,,
DSP56F807PY80E,NXP Semiconductors,Obsolete (Last Updated: 3 weeks ago),OBSOLETE,Vigor Components,False,10,41.81,USD,1,1,2026-08-31T20:44:32+00:00,2813,4,182053,41.646,1.004,,
DSP56F807VF80E,NXP Semiconductors,Obsolete (Last Updated: 3 weeks ago),OBSOLETE,Vigor Components,False,10,47.82,USD,1,1,2026-08-31T20:44:33+00:00,252,3,247913,46.7305,1.023,,
MC68331CAG16,NXP Semiconductors,Obsolete (Last Updated: 3 weeks ago),OBSOLETE,Rochester Electronics,True,8,32.84,USD,25,5,2026-08-31T20:44:37+00:00,8,2,187098,33.1641,0.99,,
DSP56F803BU80E,NXP Semiconductors,Obsolete (Last Updated: 3 weeks ago),OBSOLETE,Cytech Systems,False,7,47.028,USD,1,5,2026-08-31T20:44:29+00:00,3841,7,254205,35.2796,1.333,,
DSP56F805FV80E,NXP Semiconductors,Obsolete (Last Updated: 3 weeks ago),OBSOLETE,Win Source,False,5,41.816,USD,2,6,2026-08-31T20:44:31+00:00,0,1,169418,35.2235,1.187,,
DSP56F805FV80E,NXP Semiconductors,Obsolete (Last Updated: 3 weeks ago),OBSOLETE,LCSC,False,5,60.8315,USD,1,2,2026-08-31T20:44:31+00:00,0,1,169418,35.2235,1.727,,
MC68331CAG20,NXP Semiconductors,Obsolete (Last Updated: 3 weeks ago),OBSOLETE,Quest,False,5,45.5,USD,1,1,2026-08-31T20:44:38+00:00,74,3,260990,25.0705,1.815,,
DSP56F826BU80E,NXP Semiconductors,Obsolete (Last Updated: 3 weeks ago),OBSOLETE,Verical,True,3,13.17,USD,1,1,2026-08-31T20:44:35+00:00,3,2,115695,27.391,0.481,,
DSP56F827FG80E,NXP Semiconductors,Obsolete (Last Updated: 3 weeks ago),OBSOLETE,LCSC,False,3,35.7223,USD,1,2,2026-08-31T20:44:36+00:00,1546,4,379548,23.65,1.51,,
DSP56F801FA60E,NXP Semiconductors,Obsolete (Last Updated: 3 weeks ago),OBSOLETE,Esaler Electronic,False,1,18.211,USD,1,5,2026-08-31T20:44:27+00:00,20549,11,175207,13.736,1.326,,
DSP56F801FA80E,NXP Semiconductors,Obsolete (Last Updated: 3 weeks ago),OBSOLETE,Esaler Electronic,False,1,19.857,USD,1,5,2026-08-31T20:44:28+00:00,11913,10,251970,14.9699,1.326,,
DSP56F803BU80E,NXP Semiconductors,Obsolete (Last Updated: 3 weeks ago),OBSOLETE,Esaler Electronic,False,1,37.674,USD,1,5,2026-08-31T20:44:29+00:00,3841,7,254205,35.2796,1.068,,
DSP56F805FV80E,NXP Semiconductors,Obsolete (Last Updated: 3 weeks ago),OBSOLETE,Esaler Electronic,False,1,41.431,USD,1,5,2026-08-31T20:44:31+00:00,0,1,169418,35.2235,1.176,,
DSP56F807PY80E,NXP Semiconductors,Obsolete (Last Updated: 3 weeks ago),OBSOLETE,Esaler Electronic,False,1,44.501,USD,1,5,2026-08-31T20:44:32+00:00,2813,4,182053,41.646,1.069,,
DSP56F807PY80E,NXP Semiconductors,Obsolete (Last Updated: 3 weeks ago),OBSOLETE,Quest,False,1,30.2064,USD,1,1,2026-08-31T20:44:32+00:00,2813,4,182053,41.646,0.725,,
DSP56F807VF80E,NXP Semiconductors,Obsolete (Last Updated: 3 weeks ago),OBSOLETE,Esaler Electronic,False,1,50.379,USD,1,5,2026-08-31T20:44:33+00:00,252,3,247913,46.7305,1.078,,
DSP56F826BU80E,NXP Semiconductors,Obsolete (Last Updated: 3 weeks ago),OBSOLETE,Esaler Electronic,False,1,36.946,USD,1,5,2026-08-31T20:44:35+00:00,3,2,115695,27.391,1.349,,
MC68331CAG16,NXP Semiconductors,Obsolete (Last Updated: 3 weeks ago),OBSOLETE,Esaler Electronic,False,1,45.572,USD,1,5,2026-08-31T20:44:37+00:00,8,2,187098,33.1641,1.374,,
MC68331CAG20,NXP Semiconductors,Obsolete (Last Updated: 3 weeks ago),OBSOLETE,Rochester Electronics,True,1,34.5,USD,25,5,2026-08-31T20:44:38+00:00,74,3,260990,25.0705,1.376,,
DSP56F801FA60E,NXP Semiconductors,Obsolete (Last Updated: 3 weeks ago),OBSOLETE,Newark,True,0,13.85,USD,1250,8,2026-08-31T20:44:27+00:00,20549,11,175207,13.736,1.008,,
DSP56F801FA80E,NXP Semiconductors,Obsolete (Last Updated: 3 weeks ago),OBSOLETE,Newark,True,0,13.57,USD,1250,8,2026-08-31T20:44:28+00:00,11913,10,251970,14.9699,0.906,,
DSP56F805FV80E,NXP Semiconductors,Obsolete (Last Updated: 3 weeks ago),OBSOLETE,Newark,True,0,30.65,USD,300,8,2026-08-31T20:44:31+00:00,0,1,169418,35.2235,0.87,,
DSP56F807VF80E,NXP Semiconductors,Obsolete (Last Updated: 3 weeks ago),OBSOLETE,Newark,True,0,40.0,USD,630,8,2026-08-31T20:44:33+00:00,252,3,247913,46.7305,0.856,,
DSP56F826BU80E,NXP Semiconductors,Obsolete (Last Updated: 3 weeks ago),OBSOLETE,Newark,True,0,29.76,USD,450,8,2026-08-31T20:44:35+00:00,3,2,115695,27.391,1.086,,
DSP56F826BU80E,NXP Semiconductors,Obsolete (Last Updated: 3 weeks ago),OBSOLETE,LCSC,False,0,24.2597,USD,1,2,2026-08-31T20:44:35+00:00,3,2,115695,27.391,0.886,,
DSP56F827FG80E,NXP Semiconductors,Obsolete (Last Updated: 3 weeks ago),OBSOLETE,Newark,True,0,25.65,USD,360,8,2026-08-31T20:44:36+00:00,1546,4,379548,23.65,1.085,,
MC68331CAG16,NXP Semiconductors,Obsolete (Last Updated: 3 weeks ago),OBSOLETE,Newark,True,0,37.18,USD,300,8,2026-08-31T20:44:37+00:00,8,2,187098,33.1641,1.121,,
MC68331CAG16,NXP Semiconductors,Obsolete (Last Updated: 3 weeks ago),OBSOLETE,TME,False,0,37.91,USD,60,1,2026-08-31T20:44:37+00:00,8,2,187098,33.1641,1.143,,
MC68331CAG16,NXP Semiconductors,Obsolete (Last Updated: 3 weeks ago),OBSOLETE,TME,False,0,37.91,USD,60,1,2026-08-31T20:44:37+00:00,8,2,187098,33.1641,1.143,,
MC68331CAG20,NXP Semiconductors,Obsolete (Last Updated: 3 weeks ago),OBSOLETE,Newark,True,0,35.29,USD,300,8,2026-08-31T20:44:38+00:00,74,3,260990,25.0705,1.408,,
